uncharted_1,uncharted_2,uncharted_3
-1.7340113052870847,-0.69511992127339,2
-1.7852111899873788,1.0939868448168972,2
0.17590046437888662,-0.11559602906067544,1
-0.7180335144184861,0.11962023765734,1
2.0430339224311997,0.1619413837145939,1
-1.7539246534013795,1.8410949193644144,1
0.3784236434737088,-0.005740632505243884,1
-0.2119801809575514,0.29826179895476757,1
0.05312602279495789,-0.9132732095110114,1
-1.3477663976755923,2.240293306368121,2
-0.025327170039362502,1.9322936533161308,1
0.5544679120871623,-0.39971600312661254,2
-0.922501324343947,0.9279461466562902,2
2.0823725573036262,0.7287708508281402,1
-0.6950495404088566,-0.37539232339315776,2
0.43163593042914356,-0.296873976859508,2
-1.0319303764106063,1.4367461640095787,1
-1.494857002129418,-0.2593599667902322,0
-0.17456070478036695,-0.8777839531376713,3
-1.0046878797113217,2.9195185644336763,1
-0.5439188484029412,0.9183111683273537,0
-0.008378947372998054,1.733550288892461,2
0.6146359602655934,-0.4573980427645218,2
0.18949693032703663,0.18755981629895607,3
0.7680053028973711,-0.19019403891008663,1
1.4517368548789267,-1.491236246075783,0
1.0104088582597184,0.5560126709594672,2
0.8122052389394414,-2.5751661531849392,3
1.3781161914170894,0.4711401894536723,2
-1.7530956296942806,1.2893508183819953,0
-0.11609275140112332,-0.8224465959151362,1
0.16497849461495645,0.6147769167216723,2
-0.27929023067604614,0.5942057751384933,2
0.3284777150533947,0.04184187956321063,0
0.8416757694236594,-2.2437268802210406,2
2.882761860839074,0.6052502029824349,1
0.08018870637874387,-2.0639045523411816,1
-0.36573628477234693,-0.8156917625440692,2
0.9077621903647584,-0.591442357975254,2
-1.82229483939971,1.2048753008444744,1
1.1340721682856734,0.04986446085491385,3
1.4968867245584354,0.6499353494869652,0
0.006453329128841656,-0.33753127354005713,1
-0.9260049355268324,-0.9240152131315007,2
-0.5433033061280468,-1.0578104286503613,2
0.27803895233973275,-0.11462286193889941,1
-0.01683151933319738,-1.0407396254168775,2
-0.5076722141423013,-1.7429511868069534,1
-1.0844148405893403,-0.0985534722057711,1
0.02926873941788289,-0.27027375680384663,2
-1.5511958241103725,-7.323172983823388,2
-0.41603597754510063,-1.741088628285687,3
1.379966193474998,-0.17369866240675108,1
-0.15501266976851555,-0.8618419714668004,1
-0.7895400356610395,0.6710537988398264,3
1.2911020466791034,-0.026660898634490313,2
1.3640886734272182,1.159893298306401,1
-0.6254538653248712,-1.7376710626703316,1
0.2655147279671431,-0.2679999453475234,2
0.19513607870491767,1.7522914050611464,3
-1.2259558274648197,0.07905613818220618,3
1.1172693610181834,-0.05534895053315402,0
0.6885001229676552,0.9788157938664759,3
-1.6387278163625196,0.7397399442400698,1
-0.16242000218035746,-0.6923363171059748,1
-0.9464651224548158,0.412578596411943,1
0.30847655674778623,0.19431177566362945,1
1.201840363846675,0.15504218263267455,1
-0.4973327248703908,0.4429722020943511,2
-2.2293545056099577,0.8830235227858396,3
-1.0392515563695737,0.3331996321070034,2
1.0750015935963082,-0.5987527206256159,2
-0.2203888494638159,-1.604298037280672,3
1.779605749748916,0.13802105894643388,2
1.520445074199074,-1.1635667306566846,2
1.3727119931305194,-0.2360730612176465,2
-1.797999887521903,0.47784853425794277,2
-1.2889092146144256,0.5850294483207158,1
1.4903917001115987,1.7533564599514613,2
0.5855261031607116,-1.7149462612705297,1
0.6971280073059455,-1.8710527342005192,3
0.24092767123425538,0.44928090016932,1
-0.3767380259946633,-1.0925266797400937,3
-0.432869592127807,-0.429612624996936,1
-0.913115107045022,0.5970604198243884,2
-1.6576822614912723,-0.07116552901616979,0
0.6082153293535266,-0.651803489786826,2
0.5870707266152252,0.4646008082534692,0
0.07085165039735603,-0.1245040847063252,3
0.8256236173444107,-0.06243027195742006,2
0.4937941613208211,-1.232164453773479,2
1.4208327263533862,-1.209391593624615,0
-0.8470294649313802,-2.6474018661118506,2
1.5244984653288596,0.9686663217243257,0
-0.004829532299698136,0.210927747670108,1
0.24635255753515356,-0.054770798237056585,1
-1.2777557167917848,1.5548097930062135,2
-0.11358308567198958,-1.7741601766374395,2
-0.4665780452509365,-0.3800651587948987,2
-1.1013447304619486,-1.6884252742772268,1
-0.21417098170411988,-0.09514731758611229,2
1.211906199660715,0.7136928544061445,2
-0.5777656949469543,-0.722208878051557,2
0.12837877213120638,-0.5278578970200573,1
-0.2613741740366435,-2.0685982211248795,0
-0.6468972301534257,-0.7496587318574661,1
-0.5602187046876423,-0.06130063475960955,3
-0.28827779070262954,0.38628859867000936,3
0.07664498131769473,-1.4562333923218314,2
0.00360365035172622,0.1936500481275261,2
0.2609303091892965,0.6167175859239047,3
1.3273700684291567,-0.8864988155321598,3
-3.0664408064557866,-1.132670904675428,2
-0.8371609040757872,0.23776315913569274,3
0.4866061061862628,-0.5750933253797791,3
-0.6419547922973228,-0.45613237676053753,1
-0.6500606625914089,1.5778429879971618,3
1.3588470869284477,-0.11025047648860001,2
0.03819379930262584,-0.8380113915808491,2
0.6509621456966419,0.48557395444430457,1
0.37125042979231415,-0.4206880374822518,2
-0.2674002152316336,-1.966592634546033,0
-0.03122750393748303,0.04348818182152595,1
-0.8055928123290214,1.4842629714244724,2
0.4757222039519593,4.029278512579208,1
-0.4730407343174905,0.7707521682201643,2
0.4158648995409019,1.6293147695280137,2
0.7146681094494078,-0.12590739424967246,2
0.42439861837255,-0.342474961478855,2
-0.12865464960669876,0.6425458693728403,2
0.6748757941722128,0.04393160747627255,1
-0.9632048764516751,-0.20865463519514127,2
1.5693892188566663,-2.1781284427642134,1
0.49172101234628107,0.1211775839722308,0
0.7388251605227044,0.028124226423405414,2
-1.8056440630787163,2.5195511192873252,2
-0.1813237893039834,-0.30199045895714866,1
-0.9820845126249,-0.68216141063795,0
0.4804824753719029,-2.7970701588847384,1
0.1445521228542981,0.19197586104603295,3
0.6907374760481734,0.7790085744842271,3
0.21970669191924302,-1.618166331241961,1
-0.01808913487572776,-0.2518447563010601,2
0.7680712401823195,0.4635679833379738,2
-1.4056919686253657,0.09452818557948556,0
0.4573249083801165,1.9145244838514583,0
0.6622681335756255,-0.08422776106442385,2
2.127919580348378,-0.8486389591679068,1
0.354868544459753,0.6426768158852949,2
2.7252329749056288,-0.5356568047037186,1
-0.3043818873399873,0.08463151307577893,2
-1.587744241774129,1.0894401809217065,1
0.1541326984375133,0.1008413018159888,3
-0.0024498701350891077,-2.2125435503930895,1
-0.4197974318400951,-0.6743758637161381,2
0.11733154285032621,-1.07550692643267,1
-0.5624300578356314,1.3684210301054252,1
1.4188245030542472,0.15580654156897306,2
0.4448555101136434,-0.33955781932320755,2
-0.7800054345718613,2.257797729682501,3
-1.7668307741741789,0.4221108010496064,3
0.1439552365507213,0.7020862337988061,1
-1.7139309439879218,-0.3755086201492677,1
0.16347709204347535,-0.5992784644552062,3
-0.5691427087484953,-0.3072312772221823,2
-0.025612096314523006,-1.003593265701886,2
-0.03326601793470144,-1.9944920715119991,1
-2.0199041148053394,-0.02117202719961971,0
-0.5848506750275557,2.2333982075867613,2
-0.43747232153859816,0.7152645203040516,2
-0.24252550540175227,-0.6378058830751714,2
1.5194716859833373,-1.6364454613256745,2
1.3227772728502805,-1.9047619695116706,3
0.2055574281634702,-0.6580097855449804,1
-0.461290864765518,1.105986636444132,2
0.6907971466827505,-0.38863652912351127,3
1.268023558810262,-0.5319841077202752,2
-0.6853129379531194,0.250218168689235,2
-1.5610549038973245,-0.4918573503280076,0
-0.3845026151171205,1.2475568206099408,3
0.062131438359296465,-0.36861001806543897,2
-0.04222654632949504,0.40299129621094687,2
0.47585221091606816,2.164746186866169,3
-0.7099452094794446,-0.7237883024455996,2
1.5082296203444105,-1.3152663015784332,0
0.7758848070289185,0.01665041119881458,3
-0.1775991494312555,-2.335445109770822,1
-1.7899928731526145,-0.5837959106661391,1
0.8651645689946799,-0.9601357940117949,1
0.9311402511454405,1.0330812631610276,1
-0.077584867782752,0.20479553869042275,2
-0.41204541152161356,-0.5841355742335461,0
-1.4178663231109707,1.0898500888052645,2
-0.3014130381083737,-1.1591295458637143,1
-1.1262399010082336,-0.007653393195656369,0
-0.6043454757947185,-1.383729599745221,1
0.0371269680591013,1.1535403874627312,1
0.7912643802919288,-0.4284826097701532,2
-1.515445843217635,-0.588545631819366,0
0.058991757153517385,0.9610691297615014,2
1.2327703316092629,0.8423986816968012,2
-0.6986380345691969,0.11820859355675906,1
0.4773911610991111,-0.3963576522866218,2
0.2979460836249627,-0.3661530600431051,1
1.548253218292527,2.9794007702658054,2
0.3249768313037219,0.7618314565706132,0
0.09788264829030797,0.22085136618061182,1
-0.47368603408507703,-1.7157382980537046,1
-0.16360091936501261,-0.2861830368690171,0
-0.47033633213875886,-1.431679523574672,2
-1.2148394862539262,1.6025812989067452,2
-1.5366827939131007,-0.3718053778440096,0
-1.166773022775337,0.32616523914351636,0
-0.29971590719022767,-0.7818586830235423,3
0.21366615495628627,-0.942646496224343,1
-0.528923638108461,-0.11415731080206452,1
-0.38028041673935475,0.9721407312083153,3
-1.67091855954714,0.013633442304986223,1
0.8471848661678785,-1.2513923313154107,0
0.6974140798392562,0.7062919016583018,1
-0.65227322319934955,0.19698665962815073,1
-0.8556861656922262,0.617420109793477,2
1.9057992028783226,-0.6135783016198917,1
0.43642244970347394,-1.470061822636091,2
1.9872707583091407,-0.3808914587239162,1
-1.533335382647237,1.2954651039027658,2
-2.453877524330006,0.3545837342539104,2
0.5512584629461298,-0.6539831676037672,2
-0.08868246890370991,-0.4741990658150267,1
-1.4157588907596022,-0.07509886195118828,1
1.9993993633035845,-1.1671364487849807,0
-2.5715968909555,-0.09242868092053878,0
0.06116464999369894,1.649952833512948,2
0.7760740423973516,0.26695031502475425,1
1.05537645324141,-0.4758912907277706,1
-0.3476284400188606,0.17497304243563314,1
-1.2274846892879554,2.723625360359648,2
-0.2716301117697194,0.48638261094360535,2
0.24159224009821736,-0.10179760446531522,2
-1.270645316900005,-0.5129316873948581,3
1.8942658006362376,-0.8920967360485371,2
-0.26470806911980027,-1.0297639996715422,1
-1.105037396379356,1.5959259424636982,2
0.37962895179830725,-0.08521416103972725,1
-1.0879554994679763,0.355133788277987,1
-0.38027414546091837,-0.19509563705112992,1
-0.6659873845691244,0.6287053716657022,1
-0.1328718778328946,4.211890638864933,1
0.2484123911392965,0.035865453061885266,1
1.2245439694229523,-1.421699869949054,1
-0.953742768498076,1.0495060107784586,2
0.5021533981595063,-0.12974916564512187,2
-0.6512047876358316,2.1358517275578484,2
-0.5775960512755264,0.253066209018432,1
0.9282266787776584,-1.3010563204519738,2
-1.7317945123675913,-0.17014679353946588,1
-0.6207055598907818,0.3327780989870056,1
0.7780782389524156,0.3627494224345068,1
1.2762267522932151,1.5563307493754668,1
-2.4240875299182836,-0.39437038246185147,2
1.1434481554770317,1.4716669584449944,3
0.6051126632059343,-1.2227231641030671,2
-0.9267386152792588,0.6691747144211448,2
-0.3302396742302651,-1.0239200208804382,2
0.22005201143119155,0.7109848546036815,0
-1.3037448646970824,-1.6345962358742674,2
0.4982836607366531,-0.6049489455296907,2
-0.1308151820763392,-0.49657598130947755,1
0.271403426015017,1.2635851126353705,1
-1.32165062858073,2.7767366330712364,2
0.08519704020088194,-0.7605846512164187,1
0.6527051644876836,-0.1010601141978815,2
0.4420383239904757,0.11906997167511277,0
-1.1896684630406744,0.8927401536976111,2
0.4145017912356639,-0.006868274481264877,2
1.2419459811807245,0.8445275303107364,2
-1.307645521989372,1.301169982869156,2
0.457332543110768,0.5916727899606236,0
1.2458179726599523,-1.651320333390254,1
-0.6559794206866382,0.2682153052482773,2
0.04162983373335658,-1.0894691856701617,2
-0.5046943722756558,-1.791432382021298,1
0.9372897345939625,1.6289745825284065,3
1.2179516470629177,0.37762921020481677,1
0.8900500688285199,-0.4864049712008281,2
0.6751883987193252,-0.6343086579630414,0
0.3476651281213498,-0.1908857767672969,0
0.06496876097551622,-1.1563872540823805,2
1.3456913283784888,0.37253652194257253,1
0.006450748686735973,-0.8833531772240648,3
0.40271342108945507,-0.06025731216200279,2
0.8770085109879282,0.5668595625722648,3
0.3504179021690718,-0.874700371488661,2
1.0981397048094421,-0.7028284416073171,1
-1.5747692122598551,1.7239465649468548,1
-1.283753742205306,-0.5957432952493207,1
0.35876548149033505,1.8389109311661418,0
0.16500728217053343,-1.3884534664840813,1
0.12520862002695535,-0.6984079225177078,3
0.5179062342780536,-0.7081856134016318,2
-0.5162394273487725,0.47414590090161024,2
0.27891611511499,0.8367990602996749,2
-0.11857877758242447,-0.79253257450356,0
-0.046117971560417116,-0.4603203531576147,1
-1.118247442105635,0.34866334706218344,1
-0.1230600260048863,0.2664772685484655,2
-0.3921279654649209,1.062019819973076,2
0.4706469817983707,2.496626744945605,2
-0.36430950874712176,3.3842567592512913,2
-0.14707061073874214,0.48220663446124595,1
2.1903534211672158,1.4012681582681181,3
-0.6216568181060044,-0.8125148055072818,1
-1.0807682071016183,0.24207424682382828,1
1.0006745933475272,-0.5672034265499225,1
-1.9645042340582604,0.11565732080201416,3
1.105793940065241,2.7765454369316656,1
0.4834650407602991,-0.11896783969274786,0
-0.16546439684362835,1.1925922302134313,2
-0.023149469121857492,0.4030068647755105,2
-1.133801005737705,-2.488172021480609,1
0.2834867534623713,-0.12104233765879012,3
0.09401569686279243,0.7957881852530585,2
-0.9068536755319065,1.1222907931381472,1
0.2595127355941339,0.6595892207711349,1
-0.047811363639776415,-1.2268772671032266,0
0.3414692126092709,1.1417548654300427,0
-0.276174173329888,1.090300021107714,1
0.4272817729261663,1.024884327713539,0
0.8997070404213153,0.9328803476626893,3
0.2778736287754848,0.5895166723055212,1
-0.9468381641031988,0.8275636457643056,1
-0.13246043141410277,0.1699374198505159,1
-1.5810514717001067,0.8540301018389488,1
-3.033329310343074,2.9812942909677234,3
-0.7317932265896628,0.7008354284799307,3
0.7606311272033291,3.2704063335703766,0
-0.8621549619083627,-0.5405392588606271,1
-0.2744590805317246,0.6751872157429039,2
1.3988080189230365,0.5164670218684303,2
0.6334500626977991,2.2877817746620193,2
0.3345167365056945,-0.3885747619440993,1
-1.215134235223075,-0.3288124343445457,3
-1.0705609782191847,0.2708615664041778,1
-0.18083605498342523,1.848857711540024,3
-2.445600537904369,-0.12399693969983143,3
2.0330407059427658,1.3380756042479507,2
0.6051166644049378,2.9419443634095015,1
0.10985672143831371,1.4884146971145122,2
-1.4468416587201063,-0.12350337049978173,2
-0.9759968628209443,0.3211350859057941,2
0.2463079563490411,-0.11946605675977105,3
0.1374199149044063,0.7850427985210653,1
1.3177788126591368,-2.6137147379928267,2
0.7084392519200733,3.633789273963139,2
-0.047035477979616123,-0.1853814169976373,1
0.8171489925593564,2.02339501621476,1
-0.30114539783781547,1.4890899204094163,3
1.715296745202592,0.4142889668401371,1
-0.14295038166497936,0.645094167049463,2
0.19404640470025036,0.1351206680393757,0
0.30619340904725323,-0.23441529546792483,1
-0.6755820987448055,-2.080298866410592,2
0.373134395856172,-0.1031882389956253,2
0.4244169385331521,-0.0922687581172727,0
0.6249354520816217,1.8816635172789293,1
0.1733556555964886,-0.2780992570483379,2
0.7757509947821314,0.966881507930666,2
0.20920704311169225,-0.10866720446065549,0
0.4032825999498958,0.06931650663537971,0
-0.7429416552445535,-0.795019427827829,1
-0.9576452556697869,0.44145622712004334,1
-0.17363329837053326,1.8864087739156208,2
1.4310078023055495,0.2613350263544551,0
-0.7711204377716905,-0.357998083804043,2
0.2013079924828,-1.4089866222812862e-4,2
-0.7033809714333931,-0.6233367200721253,1
-0.9866783481150936,1.4294949494892208,1
1.0124799577748602,-0.5801137937511147,0
-1.1713166134643778,-1.4373688481841371,2
-1.7976261554198065,1.6574377589479024,2
0.00497705856061029,-0.4705050556516836,1
0.05886302212526612,0.13771900246978122,3
0.5448259706042728,0.2019112778018761,3
0.06523496600629332,0.7214069616458375,1
0.6751347832295344,-1.482281491482312,2
-0.6547301969345315,-0.1704577765164641,2
0.28923703646274745,1.8837214335209356,1
-1.0184073220482461,1.8893480269631362,1
-0.326276490045895,0.1739828629686142,1
-1.7244053399660204,1.35598208079063,1
0.74441882339557,0.5677772952191406,2
-0.8261956582516147,-0.0018857256240150258,1
0.3958900121296454,0.1484394062118801,0
0.45570075241604907,0.22643595900380298,2
0.16775475242460355,-1.9878436632885474,2
1.7726186491756544,0.5779889498418246,1
-0.5374412581639101,0.9506417850050916,2
-0.17185979921289954,0.371068140737692,1
1.5066991460280637,1.8517976745555744,1
0.4965183086005835,0.12324092695989249,2
2.369348683293145,-0.19309866703881962,1
-1.4719487346944262,-2.11454679118165,0
-0.32054053402635435,-1.4613174718038473,3
0.698455273231939,0.6865455504335546,2
0.4885057553454611,0.44075406457803046,2
-0.06984510012548896,1.3718830561568176,1
-0.6275700215207387,0.09296255335382463,2
-0.18538648681981976,-0.07945795424175889,2
-1.3578889595092092,1.1147054164470902,2
-0.015390739658946958,1.3561175139704909,2
-1.2584581029647568,-0.3005290448040134,3
-1.2192295222744784,-0.939914692238077,2
-1.310102707760974,-0.38451717983739886,1
1.9201930396833706,0.9089786610616774,0
-0.9496531554927737,1.3756310290371225,1
1.4124582367442884,0.8836764294877176,2
0.8786551960191108,-0.29019383109229185,3
-0.10597173908029489,1.053685259112906,3
0.2379542234425883,1.2549871504635515,1
-0.26444162156735423,-2.9493364049187005,1
0.7051552783244028,0.7922885441764927,2
-0.17183074966936943,-0.023793697743379184,1
-0.3853775812539828,0.07043520278026331,0
-1.334187309746446,-1.0891436779952146,1
-0.6164982813588726,-0.7444791320783268,1
1.299340363374338,-0.24873271483927412,3
-0.16248850701650105,-0.6472472130734432,1
0.4190733854648178,-2.0357925201725293,1
-1.3379838794045986,-2.1281340985642503,3
-0.45997766645660587,-0.2762269323557995,2
0.444406937353377,-0.8998566891577182,1
-0.18828745757463933,-0.5996229079224787,3
0.7353644321571645,0.6681066152351607,2
-1.1911798630701007,0.7435073825750738,2
1.005076352487919,-1.2462874405933482,1
0.6165757919829893,-0.6873013170557227,2
-1.8182761392979654,1.3192618171174193,0
-0.6991093088888997,-0.63853073959133,1
0.26889181370633575,1.207643356864468,0
-1.8887682802336685,1.4277118052768285,0
0.4186327150423669,-0.317657241609388,0
-0.5142605823668577,-1.3815384910720496,2
-1.5297322916346052,-1.6151982042559505,1
0.6542664601361275,1.0644503107751986,3
-1.6533329605671916,2.552965466303987,3
-0.5181451214607352,1.5612208643100978,2
-1.2384035267059945,0.01634542593410654,1
-0.9439039310644596,0.5101926832665029,0
-0.8745758710265906,-1.4272192678023965,1
-0.04622726290899288,0.4868452687565643,2
-1.1732453721956189,0.7937766965330018,1
-1.4444944200003293,1.6427990229511127,0
1.9720652668261491,-0.6164390188330299,1
2.5665998880602907,-0.22784056263114863,1
-0.08696549268450414,-0.47833805858912076,0
-1.553163758024036,0.5222707966738197,1
-0.4119382500153722,-0.15032520385879403,1
0.012762134409755167,0.6333929845727555,2
-0.5280050650291975,0.3126377082842617,2
0.051852730132200216,1.136579801771746,2
1.7615477182431483,-0.6401043498840725,3
0.7965810128933337,0.2902467639430182,0
0.023686112044673076,-0.8744742144500421,1
-0.20187907401148925,0.43749689687270754,3
-1.3549682182106242,0.5457342407573791,1
0.26439202376078597,-1.1043339622884032,3
-0.7181664772313321,-1.0479517366681799,1
0.38505186393192,-1.2349988112940948,1
0.29642019722969953,0.7452420947754506,1
-0.19766532480227036,-1.0724524546517302,1
-1.9179870163825508,0.30591831116956175,0
0.09685282747032749,1.9814404202291083,2
0.35675659665144904,0.9949970153652895,2
-0.8795680288119645,1.6990811727340969,1
0.28597717518030946,-0.5077111661307203,1
-1.128896496594047,-0.13750509648565865,2
0.4551344031635617,-1.3948356560889807,1
0.24707252575861993,3.795125913704866,1
0.20009143582275005,-0.046211673084162505,0
-0.5015443793601417,0.9264356245515455,3
0.31085373953613116,1.0976349151833897,1
-1.9540463338675034,-0.3966651812378267,2
-1.3394471292820012,-0.09386690214456257,1
1.1121487452630496,-0.1296724430918686,1
-0.155614352706639,-1.8499796732468594,2
1.0064066114349364,-0.6861658294910429,0
-0.45295550663627704,-2.344250073140818,2
-0.26311969980143496,0.9295883192861658,1
0.7419769834829094,2.2165845316362285,1
0.08735265557942301,-0.7339903132059524,2
3.1716955090994277,1.027062178276923,1
-1.3565404826271528,-0.8295950494041963,1
-2.021606797007326,1.8848480001866068,1
0.5883040059411813,-0.6672136767424509,1
0.7484212117829843,0.03135120347950281,2
-1.1017184954719044,-0.9651426661511872,3
-0.8401674188069927,0.5276467627453335,1
-0.5460574341033925,2.5721770902613215,2
-1.6264128909881344,-0.6040491410855945,1
0.30960238080135466,0.13771223499256538,2
0.5753082081218948,0.6249052442660505,1
0.5666035963897867,0.11663299016228632,1
0.622126343118355,-0.1883290054677261,2
-0.2561582168713468,0.02925347145989783,3
-0.09661531377923087,1.0112107717656107,2
0.9977765442770088,0.059520069561858006,2
-0.052242578056912396,-0.6877686714929341,3
-1.4958799428885263,-1.095528825597651,1
0.2702485353516823,-0.8599592254200845,2
0.05070236113511716,1.1669457164556876,2
-1.310395963844124,-0.36775584974158826,1
-0.8485845618181883,-0.8877706312051958,1
-1.5173569330431005,3.1850796826189662,1
0.24044509753715754,-0.41617998782223886,0
1.2164018579673754,-0.4022713460708259,0
0.020791480118453148,0.6077176107558394,2
0.025555684331416063,-1.7280642968725208,2
1.107227880942211,1.122613163645629,1
0.9118744240906411,-1.1648027378000676,1
0.647875278792515,-1.428887046388331,1
0.18468924326588596,-0.9541945137492668,1
-2.722453956020806,-0.8025895413751125,3
2.1325323946318244,0.010162052177666978,1
0.2896385267717872,-0.3178264151880568,2
-0.18312189519529595,0.40016811177525163,2
-1.0674173328007146,0.17104983658402942,1
2.0637245806775235,-0.9853091509656042,1
-0.22206611534563267,0.4263045417911845,1
1.4668632892087865,1.654978690281509,1
-0.21069384237271097,1.9554233779593604,2
0.5086886518199104,-0.7960632535646401,2
1.2169638693465787,0.41745523816950914,3
-0.10127438748337873,-1.5629177554421405,2
-0.3411610131975145,1.891893111776464,2
-0.503474529607631,0.38770016309890004,2
2.1138895703023333,3.203481746182865,2
0.14313938537307733,1.3864612225592898,2
0.5250910480143125,-1.1057357727130885,1
0.9347595606328118,-0.00260698527534047,1
1.8175495226930285,-3.3478746011022533,2
-1.6346956341805416,-1.0939886396777205,0
-1.20692277982359,-0.643507539113861,2
-1.1252391996164435,1.4507871430225217,2
0.6337137853785656,0.775518221316735,2
0.6874939739242002,0.45615845802833777,2
-1.2742339491755228,1.0331189320988945,0
0.4387289423542303,1.3292547570420243,2
0.058747441301892855,-2.414480867925278,1
0.14839347128187566,1.0323650208189237,2
-1.1321785342459447,-1.8876819873770923,0
-0.2525902895711492,0.9316652064981831,2
0.2574536177020455,0.6880735135056938,0
0.746237920129518,-1.8939664223263155,2
-1.3032494768719376,-2.7443791040125207,0
-1.6689090530500106,-1.0934068852249845,2
-0.2776710076159296,1.0950177263649683,1
-0.6344069182162145,0.04023169014710026,2
0.5511731504074723,3.0996501235209477,1
-0.31034356057018236,-1.3574321075167868,1
0.9112754180639107,-1.210443458756833,1
-0.8593598836844032,-1.8235597627096753,1
1.0831701342375977,1.8162532757555907,1
1.2528854406297547,-0.4405762563501091,2
0.35347247425959283,1.5190247208924614,1
-0.8051107011668994,-4.94288428649287,1
0.2144337872164797,0.8367899789710889,2
0.19274546417510563,-0.1481307863661166,2
0.4093643040642582,7.054285917866577,2
0.27122804412804324,0.9475813612209932,2
-0.58109106505999,-1.1838221010974013,0
0.36009904291507117,0.5416476150497357,2
-0.23769897063333242,1.044352106674037,2
-1.8048510445198975,-1.2757070793964485,0
1.0414685768452527,-0.9630178912098025,0
-1.2749108852355284,1.9721014259066947,2
-0.2008605133330632,-0.34407140466197006,1
-0.8799306124108228,1.5818988170864698,1
0.13397740897895385,0.7328680920847003,1
0.6123567710197065,-0.8313576578340355,1
0.4102398506073576,-0.4991841362342351,0
1.01432008813974,-1.1561183459360784,0
-0.19984088434987343,2.553520972385977,2
-1.2599184884544303,-0.9406403028326566,1
-1.81314134871426,1.0633568161821054,1
0.7596043548516349,-0.019985622454624687,1
-0.49799750891068467,0.9382623311209626,1
-0.7199698196261812,0.4943223922304644,2
1.1612211970678612,5.33445447368732,1
-0.7570806988911396,-1.659611438950181,2
-0.68252111102308,-0.5193658237074582,0
-0.6160818567165927,0.8923123684242028,2
-0.3092298027532472,-1.9318004448976354,2
-3.3599289433436956,1.2637571793753961,3
-1.9539427503358058,-2.8592211241358427,1
1.0235823328202596,0.19184804626527968,2
-1.6283242425168887,-1.8416698338078574,2
2.0982520528297197,1.3212418837285573,2
0.5901685699081877,-1.231502033662293,0
0.2022627714404792,0.5055231772260418,1
0.3334899184325606,0.3685315056802637,1
-0.28399358698158333,-0.28387139398272565,2
0.7155474301750462,-0.5181676719583687,1
-1.616280312620754,-2.170034192195761,1
-0.5648749748310165,0.5398488261503525,0
0.5157633335033294,1.360359225913651,2
0.5427292861200199,-1.3228044116390156,0
-1.7158786645819875,1.2204848464752038,2
-0.011050557332596632,0.08768914956198244,1
0.9030614931427391,3.148309987140126,2
-0.38263370534414426,0.42213928664073136,2
1.098343608267134,0.5112732547376496,2
0.4023750836190886,0.5250243291581689,2
-1.1027587449802607,0.0965881495382202,1
-0.5599830579766972,-1.8655386103209577,1
-0.9350386322546549,-7.678103203457875,2
2.4876279214262214,-0.5033428250908047,1
-0.13665799728069036,6.228564947821807,1
1.532704755148515,-0.3085270932117143,2
-0.6548764695009083,-0.8264763958845576,1
0.6924012455011929,0.1730674191388663,2
0.5127060566892666,0.4730403032618446,2
-0.8259991944168729,-0.5309724556972812,2
0.7603174533207879,-0.5861819875174694,2
-0.2893421916789338,-1.3535249004923424,0
-0.04730640019666511,-1.3729991950640905,3
1.2463448772410395,-3.3987200069158074,2
-0.9690318716472583,0.4175637926800832,1
0.5938005244939728,-1.970140241221709,3
0.04420127176077792,0.8009217483713744,2
-1.7220946551164786,0.5595436372936204,1
0.7019204633687788,-0.3591954550171201,2
0.3682509869775934,3.692621263126818,2
-0.43409687972257677,-2.0981342038413855,2
-0.8380785735560796,-0.9197889966424718,2
0.37063528056734346,-1.711099008586941,0
0.1050248083944241,-1.3020224357776478,0
0.10758552214549603,0.23059840919014662,2
-0.21490325931293985,-1.4372411875276023,1
-0.7138470518932124,-0.9564107588404127,1
-0.759255894624987,-3.9705808260178688,1
-2.00266418187578,1.2660719389233461,2
-0.8173480981278415,-0.34878966373313863,2
-1.125912961331253,0.017212570549169172,1
-1.6651652350584778,-3.249196906999516,2
-0.4598635033792944,-1.8515828895070983,2
0.24159724970931468,0.24112315549045782,1
-0.3500450185021984,0.4697857136249061,2
-0.7159886774415247,1.3645679111092899,1
-0.3606000543893459,1.7328163592126273,3
-0.3358045323507619,-0.6769873493390249,3
1.2970010814209645,-0.9194096885063856,0
-0.5304631018499083,-0.039994415046563245,2
1.0163360574644138,-0.8115020836594524,3
-2.587870524499832,-0.5467710495649809,0
-0.02605552181457493,-0.605546456106135,1
-0.8189185304414335,-0.1624358752364939,1
0.15490920089753205,1.357654351369578,0
0.08466852192458267,1.8617509495936257,0
-0.08820620911305056,0.31020843382703434,3
-0.2981846305064478,0.8907465339131168,1
-0.5684468487214965,0.9382695441707595,2
0.4331737878009774,-0.3466713393969976,2
1.2196794154226678,1.9746346512299673,3
-1.3325363716074814,0.33539579819516735,0
-2.0627147924470455,2.5840848556486997,0
0.5120682800982624,-1.0855650147376879,1
-0.3366443817600833,8.548223927044607,2
-1.0017741466970926,0.4915038142591739,2
1.542261250596517,1.7590947329922826,2
0.12032035325115902,0.49802158446112843,2
-0.057827496526935286,-0.6836268243243515,2
-0.09330819457958119,-0.4575917330238094,3
-0.3919322462922054,0.7489880536080177,2
0.3640515705012349,-0.7065814389592081,2
-1.969867678584427,-1.3860904764664337,3
0.0864859236531168,0.28050439944821304,2
-0.7945148739052861,-1.0460178025996072,2
0.7110538847256708,2.33514850862647,1
0.4942929945502063,-0.36988491338591323,1
0.012477213117577058,-2.028536030169903,3
-0.9620925813803877,0.4287583591379928,2
-1.0345708260775242,-1.1726428021350628,1
0.8540222137201285,-0.6729100986505028,0
-0.6026523808290284,1.2467563994435833,1
-2.392316431852482,0.010776773599687452,1
1.5222319016657644,0.4695235962969987,3
0.865015397682371,0.46958889083681243,2
0.4763609476181709,0.08285228286214259,1
1.5177038213367184,1.429776242368422,3
1.087855436788249,0.9969481390021785,3
-0.11360431334535089,0.02246876357963328,0
0.4696265305343607,-0.1302295705956661,2
-0.9378593422643887,0.33294225402650274,3
0.594170448465012,1.190840813689295,1
1.4223188000656157,0.2396280426287451,1
1.0781577929960133,1.8170341224031592,0
-0.5092304227493206,3.0230767553315516,3
0.6768270854740377,1.8108316424368618,2
0.4759506540292074,-0.5805184045957805,2
0.819374087535934,0.4506538039197121,0
-0.283529720195529,1.074287513907294,2
-0.6864861173793866,0.7715919115002381,1
0.860896293794122,0.25916027466735964,1
-0.014410953259992282,0.030339211596364726,1
1.6783414212077161,-0.11721756888439146,3
-0.17352387236660002,-0.9198485670606208,2
0.7623969852567963,-0.13876651069769647,0
0.15950170807048764,1.8594076247129414,2
0.6671305812814882,-1.6398667048602529,1
0.6572271517846701,-0.5878331199269571,2
0.10080211446438998,1.615767392314611,0
0.7600083359175704,1.9710032968884557,1
0.09289161808073446,-0.3766831484075163,1
0.15543340189597607,-1.0006154694520797,1
-0.21150532222784557,-0.41107960206652294,1
-0.18887617360466527,-0.42032322563787994,2
0.8043395753347553,0.6032908726769542,2
1.8373066178212587,-0.10036526020786615,2
1.1166936882017637,0.4706754662449268,0
1.571024373152252,-0.2953559055307186,0
0.48537925728472475,0.32919872726638855,2
-0.5951476433778534,1.0311665398427567,2
0.0020146638406169873,-0.3560064429424535,3
1.4459652693964495,-2.8219567405887807,1
-1.3078551269417562,0.41843301849409104,1
-0.21184833233662168,0.4897093342376298,1
-1.9863555027996975,0.6729502431540909,2
-0.09125481245673468,1.2703976853227783,2
-0.708885961428067,-1.2271857251923506,1
0.24772238481156686,0.0994905639067945,2
-0.32279757223235633,1.1730711307036472,0
0.03187241229237718,-0.3106858055971931,1
0.6786641512893423,-2.258865958347669,1
2.9186448911610685,2.9820471989155584,1
-1.2537706838323115,0.5631138803039049,1
0.047490728804227195,0.4613108549626538,2
-2.181338203204337,-0.8757751869261019,1
1.4091392503690197,2.100398249356202,2
0.3715406524206227,0.07986272560424973,0
-1.3627650636066015,-0.5041252140057125,1
-1.1613730803957343,0.5623130301032547,2
-0.22949687959518972,-0.7985700263614988,1
0.17649069943920548,-1.4520150247689803,2
-1.017998073060215,0.10212412201178332,2
0.6299565171417371,-0.4159326651815326,0
0.47376032537370355,-0.05326032501400878,2
-9.396623751529366e-4,0.05112561877900261,2
-0.6548231034362805,-0.6555957605587736,0
-0.13306367735232785,-0.39870539188789555,2
-1.0743337410076519,1.6722475422137897,0
0.27905224153017555,-0.8475220636297124,3
-0.5800362271352769,2.6382536582293694,0
0.3642162470060319,-0.7282400489561075,1
1.8470420878480145,-1.7923372151532269,2
-1.1944714650958421,-0.902479257381217,2
0.13976340214675081,-1.445417996477609,2
0.7135593914274516,0.2970713694725093,1
1.5900105341764832,0.06732698122744946,1
2.021880169323949,1.1968766974344718,2
-0.41711516587234065,-0.8722690514313588,1
-0.410658205638444,-0.25066698775580415,1
0.30396930868500394,-0.0588466578167303,3
2.797921379280851,-2.13246496488349,2
-0.8314066366519846,2.8698773680851044,2
0.036866326924838246,-0.04792892039826187,1
-0.6512889929468484,-1.5082533847377924,0
-0.5439036839109753,0.6635549458680983,1
0.5479792201320174,-0.7660129340661258,0
-0.5728404252025286,-0.243521617573035,3
-0.8230196966512063,0.052989052966501006,1
1.0218967998622803,0.78396502274782,3
-1.5109664461610035,0.8018152956641487,0
-0.05291286697179608,-2.5777090905890874,1
1.4030675921782512,4.985179430176859e-4,1
0.026924222438406354,-1.0502299599555025,1
0.845313447701949,0.18075468859145777,2
0.8315759271213146,1.2900810706871473,1
0.8039600573261493,-1.1263348386815815,1
-0.008096688192486937,-0.10976213548373025,1
-1.6789665059442511,0.6179702091397459,1
-0.5595839584614892,1.6633225880304185,2
0.3865818972679459,0.09600535028554646,0
0.30603670282230666,-0.695973171181173,1
0.627433709174724,-3.0690451949918445,1
-1.1369337515627362,-3.4078889979050246,3
-1.1748168738837375,-2.119318289285125,1
0.5705067634654738,1.59074023118356,1
0.09470991118349849,1.1949054722777088,0
0.4954540543365371,-2.260643094805128,2
1.5217176165190531,-0.22893307030588939,2
0.5095616937722994,-1.5987097725599244,2
0.6447915212733185,-1.5763202347087508,2
-0.7626783440334166,-0.9181262981884831,1
0.7797190656863054,1.3501154678733618,1
0.8404038524789591,1.4301761693898605,2
0.629575031394547,-0.6122944349130245,3
0.4751365337429432,0.3051762032977133,2
1.0458383272305813,-0.10397784137917947,2
-0.3884504507790775,-0.09312188061317478,2
-0.5388108736365143,-1.3142259829803151,3
-0.8331879744153947,-1.3283987583356796,2
-0.17210668823451283,-0.45268394090533204,2
1.1167501569650773,-0.6602287365543992,3
-1.445431604647456,0.5595820763194401,3
0.1547323669590625,1.621736168574662,1
0.28418167384587373,0.36725971849779077,2
0.6253966219028746,0.8706117566418353,3
1.029890003798582,1.5299110439799322,2
-0.30273955490756077,-0.272625700080944,1
0.4954897568151968,-9.936827113474257,2
0.44412627646879327,-0.473239961781771,2
-0.5511562632897871,1.369112588759931,3
1.5999439712579593,-0.08606591396644724,3
-0.5022481619741136,-0.2858452798045888,2
-1.4314408253042943,-0.8378179103877587,1
-0.34069421637700503,1.9600354563206464,2
1.0976106718355623,-1.4947531724332657,1
1.0874604261087026,0.06664362706084855,2
1.7698978890709274,0.26754234301281854,0
1.0844210120774496,-0.9439671361394822,3
-1.2167554043504378,-2.2809579053270284,0
0.43103558408740955,-0.3151244878678472,2
0.7284443313585686,0.40953511576146745,2
-0.12874673594553426,0.540021424717125,1
2.1961109893043376,0.22404761170095036,1
0.6027144700779636,-1.5385281393576877,1
-0.7625874549672776,-0.7130710034638947,2
-0.2478287204040463,-0.9234839833942639,1
0.5277521098879668,-1.231716752541555,2
-0.13123112978133938,-0.05810444268325811,1
0.8598038840519999,-0.1783638964080655,2
0.2612028423118593,0.06252741465136971,2
-0.3075602986410366,0.3404405863391574,3
-0.3517319033003028,0.6411718460300414,1
-1.0658155989888942,0.23693265630031685,3
0.494054339495955,-1.725313960360713,1
-0.8173189339112911,-5.616794508293272,1
1.0109159041904305,0.7759792776717872,3
0.06207378656942092,0.2683002860371016,1
0.04997538831387857,-2.058622588380459,1
-0.24243024021871762,1.2670399502495129,2
-0.25867810907987965,-0.10022345563343013,1
0.05189278857181258,-0.14864754618983306,2
0.8450592651235201,1.3844836196974504,1
-0.7533820484331419,0.33992265603903,1
0.19511976053602698,-0.3485651330151409,1
0.8870066572562045,-0.11698084839608225,3
0.40269439109687066,-1.036817544321175,2
0.7369958984992939,-0.26217187717901136,1
-0.6696959383382024,-0.5640321700655926,3
0.519454197823843,0.387254422548673,1
0.19007585714863728,0.09363059013198702,1
1.4755847171798666,0.4871086499526313,2
0.11077324316068705,-0.6521103532182424,3
0.6821805439108157,0.9896206288716733,2
1.1705662252092062,-0.09909636285906946,2
-0.0782978669976302,0.9687267985774011,2
0.2689909920531928,-0.7165338310809062,3
0.13207666851531272,-0.6138284522493423,2
0.349849440593064,0.7349779322646872,2
-0.5610115174266538,-0.26298835399129716,1
-1.0403291994530601,7.0967851805420015,3
-0.5677007566840495,0.5777795478640434,3
0.8085685231151245,-1.5653351383822536,1
0.7191896723180872,2.401030982417258,2
-1.0071224429914194,0.04144058344246714,3
-0.8302428602272675,0.8621626316346394,1
-0.04269379550365613,-1.1684506600939615,0
-0.6461006678029095,1.35379055037245,0
-0.585727574131889,0.8761600622934391,1
0.8760019188414278,-0.4728850201879526,2
1.943548645597876,-1.8478525390654266,2
1.061913295725207,-1.621518611324238,2
-0.6416883080870105,-1.6690153560393906,1
1.6984200198732347,0.578335056628343,3
0.7705515887934171,-0.9279941683584578,1
-1.140291618391045,-2.318239304268222,2
-1.5232425107539942,0.1998365397139142,1
0.7594395924493302,1.184725319693214,1
-1.7595733575212353,1.9291644860591852,1
1.2610985278977724,-0.7376135716657204,2
0.3231744821537429,0.9317849170644853,2
-0.10671203417035595,-0.20006899301218734,1
-0.4041292671119366,0.40615210271028773,1
0.29632504667207504,-0.5467770552595489,2
0.8589465920969797,1.458508136001002,1
0.2995864653112073,-0.21961271390193468,2
0.39263723380195314,0.36174760134105916,1
-0.9012854394086643,2.4562424158201175,1
-2.336748140110853,-0.31234977471070624,0
-2.167582297822949,-0.9679231575522174,1
-2.0597046283539533,0.1392115300065308,1
1.828218569179711,0.1226013041212612,2
-1.8612711349878597,2.2024761792851675,3
-0.42169285584628385,0.16697032558879335,2
1.9066907443857328,0.5755538747057493,1
1.2260586331217054,0.3572449524512384,1
-0.5824912371896857,-0.7661772753081407,2
0.8443488192726657,-1.721224815998098,2
-0.8057989004927136,-0.17361047569584612,2
-0.11325357711505962,-0.21140229028351712,2
-0.5941145594572639,-0.029580682271086994,1
0.5740118382096091,-0.12329160099274904,1
1.7935538081209903,0.6653827841304751,1
0.17154535377462313,-0.9631492999440735,2
-0.6818665977480058,-1.1184445983828375,2
2.2561582507358113,0.10379931564643619,2
-0.8608096818961588,0.9463235991697334,2
0.3642127269437356,0.7161843230377808,1
0.2584134101831645,2.191152732617924,1
0.027665987146463417,-0.25180889375512594,2
0.8072147043042834,-0.13142295312878716,2
-0.6874385741459913,-2.4484250469461184,2
0.6127586136330643,0.4124280596567725,2
-1.5282860634465474,0.2843582419985418,0
-0.28076227346425814,-0.3733475508483841,1
-1.335225312346103,1.2538124856099215,3
0.13625918117654476,-1.117541037130031,3
0.5489153907361392,1.1664220349403622,3
1.428557432585877,-0.6674853374003,1
0.578495314656823,-0.8277267169981912,1
0.3884010422534344,-0.10958430036923944,2
0.7536957412306226,1.8792832560989687,2
-0.5826259113961565,-0.16939038943920473,3
-0.6486191633069931,3.07124179973815,1
1.5164697240178842,0.05979228530116718,2
-1.7092835161343887,0.7701359163293003,1
0.01313935979901454,0.9006033249800727,2
0.9148787153286637,-0.8784803931060761,3
0.13909219552189322,-2.4396107679146195,1
-1.254886288924384,-0.003928793165444565,0
-1.723443908457644,-0.5835627150593007,2
0.21653928021773006,-0.5175152795760316,3
-2.1946500494856314,0.5671578165266485,0
1.721657138698053,1.5463136378416755,3
-0.7408883570764014,-0.24105603398171385,1
0.3643634887357992,1.1738650908903356,2
-0.026499960428398365,0.6634740342208192,1
-0.17895971271097066,-0.5495774388152939,2
0.30354905735201654,-4.936470328567147e-4,0
-0.3450272923233177,-0.8689727374492584,2
-0.8214995412491637,-0.45848896839948594,2
-0.22419978268204735,-0.8701811345826292,2
-0.6403159283707707,-0.12147378726604773,3
-0.9155045018742801,0.7421865874419626,1
-0.47669531023717615,-0.5470024557133184,2
0.8577603645351728,-3.5035467162710683,0
1.9804812984776763,0.6956142853991993,2
-0.018577099481384075,-0.16037094193769516,2
-0.6604014356020356,-0.019938683308867743,1
0.2560301452276336,-1.5298190581767195,1
-0.9074601303874562,-0.3137102790743358,2
-0.42362226806497094,0.49667917355288194,2
1.3644857152882666,-0.36714095971637356,0
-0.11866322085274009,-0.2897443266127455,1
-0.7492762958700943,-0.7425928310062871,2
-0.7965165073695003,0.20691774189392587,2
0.2922124154578808,1.5010578804192622,2
-1.0818223878257263,-1.9696373875513529,2
-0.45420126565108254,-0.8027739911120856,0
-1.80035738761648,3.2681979880292933,3
1.1390497585653914,2.4375717468349665,2
0.9780984041910693,1.5996467730727748,0
-0.1986939718001049,0.930183609834921,2
0.18812418058734137,-0.001749911260846382,3
1.544061577123113,-2.0953970150688583,2
0.2344556827161135,1.7090038862092536,3
0.38339783373931313,-1.559475698450115,2
-1.4660771217285247,1.6072295803037382,1
1.046249534621259,1.8181868313279057,1
-0.8114330475692759,0.48188003891502146,2
-0.7844562319887145,-3.3868821474047066,2
-0.2862856081928428,0.906891980539319,1
-1.408923715067464,2.110253450539141,2
-0.7660620489688125,0.7504270478785532,1
-0.19247845184332182,-2.219821889593247,1
-1.3009490877292922,1.7413851169291656,3
-0.14983999063002545,-0.45985855749781496,1
1.4753954928385105,0.7380028859507941,1
0.5657920572213648,-0.029817615087266585,2
-1.1263557191729558,0.960357562903684,2
0.5656018052721955,-1.4696250100743817,1
1.4109533711396063,0.23239529799051759,1
0.3824337843610614,-1.2079939909978599,3
-0.6142523773796912,0.3674618967301637,2
1.0203601017195527,-1.2102473907238787,0
-0.7944014107514923,-0.3913233666497157,3
-0.3330534054906099,1.8098568126446244,2
2.174309282830223,-1.8763761282799511,2
0.8869892732468815,0.9299051966598382,3
-0.4181472181541442,0.7942988336891301,2
-0.30731287723955036,0.7134595026197784,2
0.16822826114175884,0.6047228450137092,2
-0.5884362139720805,-6.901363855415149,2
0.40360315681223885,2.3970969368301644,0
-0.7153814568380097,-1.638761807522406,1
1.7613513142554436,0.058379291051270266,2
-0.018436284085169348,0.35571514233601154,1
0.48593629370805735,0.836939386819555,2
2.0443899945350337,1.3776002531516056,1
